{
  "f1_rf": 0.47876117851162037,
  "f1_xgb": 0.48471242126706593,
  "acc_rf": 0.49079754601226994,
  "acc_xgb": 0.5061349693251533,
  "f1_cv_rf": 0.5240026125777615,
  "f1_cv_xgb": 0.5186244337596634,
  "best_rf": {
    "w0": 2.0237538636871,
    "w1": 4.238488387507484,
    "w2": 2.79420427192466,
    "n_estimators": 400,
    "max_depth": 8,
    "min_samples_leaf": 7,
    "max_features": "log2"
  },
  "best_xgb": {
    "w0": 1.4494830997154537,
    "w1": 2.7425415404338276,
    "w2": 1.584611706456266,
    "n_estimators": 400,
    "max_depth": 7,
    "learning_rate": 0.020352560801470496,
    "subsample": 0.8633145094863113,
    "colsample_bytree": 0.6716756435520524,
    "colsample_bylevel": 0.7627257064433343,
    "reg_alpha": 0.716383693906047,
    "reg_lambda": 1.6311672432823978,
    "min_child_weight": 6,
    "gamma": 0.014034249994607069
  },
  "ganador": "XGB"
}