{
  "best_params": {
    "w0": 1.3238419036643971,
    "w1": 2.101912213842153,
    "w2": 2.2827278600710015,
    "n_estimators": 500,
    "max_depth": 6,
    "learning_rate": 0.01087368201159885,
    "subsample": 0.7809345700405902,
    "colsample_bytree": 0.622724598797033,
    "colsample_bylevel": 0.5702300653913195,
    "reg_alpha": 1.0416704050697427,
    "reg_lambda": 2.1763675741288013,
    "min_child_weight": 6,
    "gamma": 0.0990316884281808
  },
  "f1_cv_penalizado": 0.5114250939271919,
  "f1_test": 0.4629062528152771,
  "acc_test": 0.5030674846625767,
  "baseline_f1_test": 0.5186982411225763,
  "mejora": -0.055791988307299256,
  "features": [
    "AT_AvgGoals",
    "HT_Form_W",
    "AT_Form_W",
    "B365CH",
    "Prob_A",
    "Prob_Move_D",
    "Market_Confidence",
    "Home_Advantage_Prob",
    "HT_xG_Avg",
    "AT_xGA_Avg",
    "xG_Total",
    "H2H_Away_Goals_Avg",
    "H2H_Home_Win_Rate",
    "H2H_Total_Goals_Avg",
    "Position_Diff",
    "Position_Diff_Weighted",
    "HT_Points",
    "AT_Points",
    "Season_Progress",
    "Match_Type",
    "HT_Pressure",
    "AT_Pressure",
    "AT_WinRate5",
    "HT_GoalsFor5",
    "AT_GoalsFor5",
    "AT_AwayWinRate5",
    "AT_AwayGoals5"
  ]
}