{
  "ll_rf": 1.0329814096993581,
  "ll_xgb": 0.9815278888253385,
  "bs_rf": 0.20111741099795385,
  "bs_xgb": 0.19454715649286905,
  "f1_rf": 0.45499779762755377,
  "f1_xgb": 0.49116404066936953,
  "acc_rf": 0.530446549391069,
  "acc_xgb": 0.5020297699594046,
  "best_rf": {
    "w0": 2.2701814444901136,
    "w1": 1.1029224714790122,
    "w2": 2.9247746304049858,
    "n_estimators": 550,
    "max_depth": 6,
    "min_samples_leaf": 4,
    "max_features": null
  },
  "best_xgb": {
    "w0": 1.0308477766956905,
    "w1": 1.909124836035503,
    "w2": 0.9585112746335845,
    "n_estimators": 350,
    "max_depth": 7,
    "learning_rate": 0.01625484695859972,
    "subsample": 0.645614570099021,
    "colsample_bytree": 0.8059264473611898,
    "colsample_bylevel": 0.569746930326021,
    "reg_alpha": 0.8764339456056545,
    "reg_lambda": 2.148628294821613,
    "min_child_weight": 16,
    "gamma": 1.5703519227860272
  },
  "ganador": "XGB"
}