{
  "best_params": {
    "w0": 1.7903994553183744,
    "w1": 3.042327407774062,
    "w2": 1.7947781518698371,
    "n_estimators": 650,
    "max_depth": 12,
    "learning_rate": 0.05600352726921325,
    "num_leaves": 36,
    "min_child_samples": 54,
    "subsample": 0.5964508648925964,
    "colsample_bytree": 0.5182873746412539,
    "reg_alpha": 6.569093507384107,
    "reg_lambda": 7.060746258569852
  },
  "f1_cv_penalizado": 0.5357737876129786,
  "f1_test": 0.4763479663833885,
  "acc_test": 0.48194945848375453,
  "baseline_f1_test": 0.4884936067124917,
  "mejora": -0.012145640329103202,
  "features": [
    "B365CA",
    "Pinnacle_Sharp_H",
    "HT_xG_Avg",
    "Pinnacle_Sharp_A",
    "AT_Position",
    "Ref_Home_WinRate",
    "HT_AvgShotsTarget",
    "B365D",
    "HT_Pts5",
    "AT_Points",
    "Pinnacle_Conf",
    "AT_Goals_Diff",
    "xG_Total",
    "Prob_Move_A",
    "H2H_Home_Consistent",
    "H2H_Goal_Diff",
    "B365CH",
    "AT_GoalsAgainst5",
    "HT_Position",
    "HT_AvgGoals",
    "H2H_Total_Goals_Avg",
    "Prob_Spread",
    "Ref_Away_Yellow",
    "Ref_Yellow_Avg",
    "B365CD"
  ],
  "n_features": 25
}