{
  "params": {
    "w0": 0.766077064786596,
    "w1": 1.0078457565377412,
    "w2": 0.8636023246620289,
    "n_estimators": 150,
    "max_depth": 12,
    "learning_rate": 0.07810193492263248,
    "num_leaves": 86,
    "min_child_samples": 89,
    "subsample": 0.9018360384495572,
    "colsample_bytree": 0.5119420353316215,
    "reg_alpha": 4.462794992449889,
    "reg_lambda": 2.6967112095782535
  },
  "f1_cv": 0.5157361543394184,
  "f1_test": 0.49475934494583085
}