{
  "best_params": {
    "w0": 0.7319590633027141,
    "w1": 1.5065708743697417,
    "w2": 1.051397313479811,
    "n_estimators": 300,
    "max_depth": 6,
    "learning_rate": 0.01157625777519602,
    "subsample": 0.7209509575575406,
    "colsample_bytree": 0.8995243590756243,
    "colsample_bylevel": 0.5502270699296061,
    "reg_alpha": 1.9163228663700185,
    "reg_lambda": 2.4516749049558433,
    "min_child_weight": 7,
    "gamma": 0.21199969871437274
  },
  "f1_cv": 0.5301005110160163,
  "f1_test": 0.4693548984779776,
  "acc_test": 0.4693140794223827,
  "features": [
    "AT_AvgGoals",
    "HT_Form_W",
    "AT_Form_W",
    "B365CH",
    "Prob_A",
    "Prob_Move_D",
    "Market_Confidence",
    "Home_Advantage_Prob",
    "HT_xG_Avg",
    "AT_xGA_Avg",
    "xG_Total",
    "H2H_Away_Goals_Avg",
    "H2H_Home_Win_Rate",
    "H2H_Total_Goals_Avg",
    "Position_Diff",
    "Position_Diff_Weighted",
    "HT_Points",
    "AT_Points",
    "Season_Progress",
    "Match_Type",
    "HT_Pressure",
    "AT_Pressure",
    "AT_WinRate5",
    "HT_GoalsFor5",
    "AT_GoalsFor5",
    "AT_AwayWinRate5",
    "AT_AwayGoals5"
  ]
}