{
  "best_params": {
    "w0": 0.7140198517563607,
    "w1": 1.1685399017330789,
    "w2": 0.7239189681804004,
    "n_estimators": 150,
    "max_depth": 10,
    "learning_rate": 0.02723049017641351,
    "subsample": 0.5259135118305414,
    "colsample_bytree": 0.9807788761543407,
    "colsample_bylevel": 0.4503207548792247,
    "reg_alpha": 1.0261528092993648,
    "reg_lambda": 4.58253548925448,
    "min_child_weight": 3,
    "gamma": 0.4581410389906977
  },
  "f1_cv_penalizado": 0.5370662987969735,
  "f1_test": 0.49430903906243717,
  "acc_test": 0.510148849797023,
  "baseline_f1_test": 0.505254939990506,
  "mejora": -0.010945900928068797,
  "features": [
    "B365CA",
    "Pinnacle_Sharp_H",
    "HT_xG_Avg",
    "Pinnacle_Sharp_A",
    "AT_Position",
    "Ref_Home_WinRate",
    "HT_AvgShotsTarget",
    "B365D",
    "HT_Pts5",
    "AT_Points",
    "Pinnacle_Conf",
    "AT_Goals_Diff",
    "xG_Total",
    "Prob_Move_A",
    "H2H_Home_Consistent",
    "H2H_Goal_Diff",
    "B365CH",
    "AT_GoalsAgainst5",
    "HT_Position",
    "HT_AvgGoals",
    "H2H_Total_Goals_Avg",
    "Prob_Spread",
    "Ref_Away_Yellow",
    "Ref_Yellow_Avg",
    "B365CD"
  ],
  "n_features": 25
}